{"cameraMode":{"drawMode":0,"name":"Shaded","section":"Shading Mode"},"sceneLighting":true,"audioPlay":false,"sceneViewState":{"showFog":true,"showMaterialUpdate":true,"showSkybox":true,"showFlares":true,"showImageEffects":true,"showParticleSystems":true},"in2DMode":false,"pivot":{"x":0.3363090455532074,"y":-0.19222062826156617,"z":1.712045431137085},"rotation":{"x":0.3218226432800293,"y":0.06667496263980866,"z":-0.022726522758603097,"w":0.9441769123077393},"size":4.514211177825928,"orthographic":false}